"AssetFilename","OriginalFH6RelativePath","SourceRegion","SourceWidth","SourceHeight","SHA256","Usage","Rendering"
"Digital/HUD_Dial_Assist_Digital_ABS_Off.png","ForzaUI/Textures/Data_Bound/Speedo_Digital/HUD_Dial_Assist_Digital_ABS_Off.png","standalone HiRes texture","108","64","263c675558556decb548248122477b1ed6106cc6d8a4ffd6469ce5dcff7e1fd2","Digital Assist state","Native alpha texture; state-selected off/on/glow layer"
"Digital/HUD_Dial_Assist_Digital_ABS_On.png","ForzaUI/Textures/Data_Bound/Speedo_Digital/HUD_Dial_Assist_Digital_ABS_On.png","standalone HiRes texture","108","64","c23707aaf3f64dab1dba727f10f299686c9271df80ef1ec4995606dfbfad7fb9","Digital Assist state","Native alpha texture; state-selected off/on/glow layer"
"Digital/HUD_Dial_Assist_Digital_ABS_On_glow.png","ForzaUI/Textures/Data_Bound/Speedo_Digital/HUD_Dial_Assist_Digital_ABS_On_glow.png","standalone HiRes texture","108","64","794828e07abd4a7c06af2ab02cd69433df1b4b86946b3e133b7ac76d4a601bd8","Digital Assist state","Native alpha texture; state-selected off/on/glow layer"
"Digital/HUD_Dial_Assist_Digital_HWA_Off.png","ForzaUI/Textures/Data_Bound/Speedo_Digital/HUD_Dial_Assist_Digital_HWA_Off.png","standalone HiRes texture","108","64","b6969cdf05e32dab97679bdf3e7c38a9a02501f9f53fbec2ea13324ab0f68151","Digital Assist state","Native alpha texture; state-selected off/on/glow layer"
"Digital/HUD_Dial_Assist_Digital_HWA_On.png","ForzaUI/Textures/Data_Bound/Speedo_Digital/HUD_Dial_Assist_Digital_HWA_On.png","standalone HiRes texture","108","64","56f4d9e6d064a9aebb87735cd5941ba0746790beff938743491c9418a901564d","Digital Assist state","Native alpha texture; state-selected off/on/glow layer"
"Digital/HUD_Dial_Assist_Digital_HWA_On_glow.png","ForzaUI/Textures/Data_Bound/Speedo_Digital/HUD_Dial_Assist_Digital_HWA_On_glow.png","standalone HiRes texture","108","64","07d7ada730961abe51ba650e7aee75f260d9572ecaff77b01702836ff1af6b77","Digital Assist state","Native alpha texture; state-selected off/on/glow layer"
"Digital/HUD_Dial_Assist_Digital_LC_Off.png","ForzaUI/Textures/Data_Bound/Speedo_Digital/HUD_Dial_Assist_Digital_LC_Off.png","standalone HiRes texture","108","64","f8c9ae6b68aed8766c4a024a88069de441b447411cb673fa829250769d2df151","Digital Assist state","Native alpha texture; state-selected off/on/glow layer"
"Digital/HUD_Dial_Assist_Digital_LC_On.png","ForzaUI/Textures/Data_Bound/Speedo_Digital/HUD_Dial_Assist_Digital_LC_On.png","standalone HiRes texture","108","64","14df49f738d19d61749156069a5b64c89fd1f7d80e59b557cd1a709e672d7751","Digital Assist state","Native alpha texture; state-selected off/on/glow layer"
"Digital/HUD_Dial_Assist_Digital_LC_On_glow.png","ForzaUI/Textures/Data_Bound/Speedo_Digital/HUD_Dial_Assist_Digital_LC_On_glow.png","standalone HiRes texture","108","64","698a8e9a41acabe4b86cbc5093bda1fa3b7fc0c74345dc29b59bac1d7b1e4507","Digital Assist state","Native alpha texture; state-selected off/on/glow layer"
"Digital/HUD_Dial_Assist_Digital_STM_Off.png","ForzaUI/Textures/Data_Bound/Speedo_Digital/HUD_Dial_Assist_Digital_STM_Off.png","standalone HiRes texture","108","64","b393126c10ebecb7525508858356fc4b3ba8713d228df63b9d5039ddcc059ab4","Digital Assist state","Native alpha texture; state-selected off/on/glow layer"
"Digital/HUD_Dial_Assist_Digital_STM_On.png","ForzaUI/Textures/Data_Bound/Speedo_Digital/HUD_Dial_Assist_Digital_STM_On.png","standalone HiRes texture","108","64","41cae2986560a74ed6bea5425c57582038f0c9a7c0c60b5c693d625ad3909f12","Digital Assist state","Native alpha texture; state-selected off/on/glow layer"
"Digital/HUD_Dial_Assist_Digital_STM_On_glow.png","ForzaUI/Textures/Data_Bound/Speedo_Digital/HUD_Dial_Assist_Digital_STM_On_glow.png","standalone HiRes texture","108","64","3ed39c8516cff06ea7164bb390b649a29890745547964116786b51ab8ca28f16","Digital Assist state","Native alpha texture; state-selected off/on/glow layer"
"Digital/HUD_Dial_Assist_Digital_TCR_Off.png","ForzaUI/Textures/Data_Bound/Speedo_Digital/HUD_Dial_Assist_Digital_TCR_Off.png","standalone HiRes texture","108","64","1ab79cd50514e0bb37d6f0604e5417b55e0ac920b9d7c447dc062fbaa0e1fa6c","Digital Assist state","Native alpha texture; state-selected off/on/glow layer"
"Digital/HUD_Dial_Assist_Digital_TCR_On.png","ForzaUI/Textures/Data_Bound/Speedo_Digital/HUD_Dial_Assist_Digital_TCR_On.png","standalone HiRes texture","108","64","c4edbca94b8a8f595ccd91aff707a800c8b3556e7b295f67a65512a1f83aa28d","Digital Assist state","Native alpha texture; state-selected off/on/glow layer"
"Digital/HUD_Dial_Assist_Digital_TCR_On_glow.png","ForzaUI/Textures/Data_Bound/Speedo_Digital/HUD_Dial_Assist_Digital_TCR_On_glow.png","standalone HiRes texture","108","64","7011b82d493775bc635b2e9b92cda45eb74e0a654058ff817cbd0571693077c0","Digital Assist state","Native alpha texture; state-selected off/on/glow layer"
"Digital/HUD_Dial_Digital_Gear_0.png","ForzaUI/Textures/Data_Bound/Speedo_Digital/HUD_Dial_Digital_Gear_0.png","standalone HiRes texture","136","136","f2fac82894c26f041547459046dd25bef9e556583e485845b33122d4b67467a4","Digital Gear/state","Native alpha texture; state-selected normal/redline/glow layer"
"Digital/HUD_Dial_Digital_Gear_1.png","ForzaUI/Textures/Data_Bound/Speedo_Digital/HUD_Dial_Digital_Gear_1.png","standalone HiRes texture","136","136","498f88cab086fcd543c1081c416d11b4922142fe9fcdab93125c1240746b727f","Digital Gear/state","Native alpha texture; state-selected normal/redline/glow layer"
"Digital/HUD_Dial_Digital_Gear_10.png","ForzaUI/Textures/Data_Bound/Speedo_Digital/HUD_Dial_Digital_Gear_10.png","standalone HiRes texture","136","136","b2de829d36b2779edfcc9630329f5c4540e92ceba3d232ea02d26faa827ee6c8","Digital Gear/state","Native alpha texture; state-selected normal/redline/glow layer"
"Digital/HUD_Dial_Digital_Gear_2.png","ForzaUI/Textures/Data_Bound/Speedo_Digital/HUD_Dial_Digital_Gear_2.png","standalone HiRes texture","136","136","0245f492fc653125bf9aa713567d07590aebeafd9b9f3694ba5bf56e8e364278","Digital Gear/state","Native alpha texture; state-selected normal/redline/glow layer"
"Digital/HUD_Dial_Digital_Gear_3.png","ForzaUI/Textures/Data_Bound/Speedo_Digital/HUD_Dial_Digital_Gear_3.png","standalone HiRes texture","136","136","cb290fc9643f13c69e58bb5620817ca2d8ec6d17b086fca1f9ba82ab68c911b3","Digital Gear/state","Native alpha texture; state-selected normal/redline/glow layer"
"Digital/HUD_Dial_Digital_Gear_4.png","ForzaUI/Textures/Data_Bound/Speedo_Digital/HUD_Dial_Digital_Gear_4.png","standalone HiRes texture","136","136","3ff14c6605458942c0724766a6b39efeee8373abc0b960c5b73ff199e053cc89","Digital Gear/state","Native alpha texture; state-selected normal/redline/glow layer"
"Digital/HUD_Dial_Digital_Gear_5.png","ForzaUI/Textures/Data_Bound/Speedo_Digital/HUD_Dial_Digital_Gear_5.png","standalone HiRes texture","136","136","29907425908f99d61147138556ea2e4f37c51919438dbeaab329453a5c66e2b4","Digital Gear/state","Native alpha texture; state-selected normal/redline/glow layer"
"Digital/HUD_Dial_Digital_Gear_6.png","ForzaUI/Textures/Data_Bound/Speedo_Digital/HUD_Dial_Digital_Gear_6.png","standalone HiRes texture","136","136","5072ac113d8e94f7801171129972eeec088f9f448f7f555ba41392dc245c5044","Digital Gear/state","Native alpha texture; state-selected normal/redline/glow layer"
"Digital/HUD_Dial_Digital_Gear_7.png","ForzaUI/Textures/Data_Bound/Speedo_Digital/HUD_Dial_Digital_Gear_7.png","standalone HiRes texture","136","136","5b56675b5aae31c09b103ab94ee1a64dc593c521150b02dde9ff17387b49775d","Digital Gear/state","Native alpha texture; state-selected normal/redline/glow layer"
"Digital/HUD_Dial_Digital_Gear_8.png","ForzaUI/Textures/Data_Bound/Speedo_Digital/HUD_Dial_Digital_Gear_8.png","standalone HiRes texture","136","136","fc17b00c4e336742c805ef2ae1750384c09aabb166d6218d199c9ef4b9d1ba4b","Digital Gear/state","Native alpha texture; state-selected normal/redline/glow layer"
"Digital/HUD_Dial_Digital_Gear_9.png","ForzaUI/Textures/Data_Bound/Speedo_Digital/HUD_Dial_Digital_Gear_9.png","standalone HiRes texture","136","136","85e41dbf5619daccd63eefdd331593c74823d7207fbbb95e2fd98e229e979975","Digital Gear/state","Native alpha texture; state-selected normal/redline/glow layer"
"Digital/HUD_Dial_Digital_Gear_Drive.png","ForzaUI/Textures/Data_Bound/Speedo_Digital/HUD_Dial_Digital_Gear_Drive.png","standalone HiRes texture","136","136","e302295c4c9c89463b312fadb5eaedab58ab3e6d8936ea5beee3fa2eb691e3dd","Digital Gear/state","Native alpha texture; state-selected normal/redline/glow layer"
"Digital/HUD_Dial_Digital_Gear_N.png","ForzaUI/Textures/Data_Bound/Speedo_Digital/HUD_Dial_Digital_Gear_N.png","standalone HiRes texture","136","136","6111c435c6af412c4d50336615df042ad84af21c633e4eb8938431cbc87bb816","Digital Gear/state","Native alpha texture; state-selected normal/redline/glow layer"
"Digital/HUD_Dial_Digital_Gear_R.png","ForzaUI/Textures/Data_Bound/Speedo_Digital/HUD_Dial_Digital_Gear_R.png","standalone HiRes texture","136","136","fdd2fcfde0bb1c565b883cb842134b5dc7c1e288247869963d795454a52dd3fd","Digital Gear/state","Native alpha texture; state-selected normal/redline/glow layer"
"Digital/HUD_Dial_Digital_Gear_Redline_0.png","ForzaUI/Textures/Data_Bound/Speedo_Digital/HUD_Dial_Digital_Gear_Redline_0.png","standalone HiRes texture","136","136","e4f1d5f13c2743ddb6c2a1e5e2d7fdf6702d6ac2fc9142d0c7040e068861da45","Digital Gear/state","Native alpha texture; state-selected normal/redline/glow layer"
"Digital/HUD_Dial_Digital_Gear_Redline_1.png","ForzaUI/Textures/Data_Bound/Speedo_Digital/HUD_Dial_Digital_Gear_Redline_1.png","standalone HiRes texture","136","136","af2dd7ebd1396d14c69d27d9fccc386f87b5e87308673acaed423c75e153b935","Digital Gear/state","Native alpha texture; state-selected normal/redline/glow layer"
"Digital/HUD_Dial_Digital_Gear_Redline_10.png","ForzaUI/Textures/Data_Bound/Speedo_Digital/HUD_Dial_Digital_Gear_Redline_10.png","standalone HiRes texture","136","136","03107a812c53817eb0f92ca7ea50e9ae9fc2b1aea257231eff1be0fec0da0553","Digital Gear/state","Native alpha texture; state-selected normal/redline/glow layer"
"Digital/HUD_Dial_Digital_Gear_Redline_2.png","ForzaUI/Textures/Data_Bound/Speedo_Digital/HUD_Dial_Digital_Gear_Redline_2.png","standalone HiRes texture","136","136","b9f2f19b17812e1ae865e91590a37b7fa7c7d13f6003501ee2646bc5f403f283","Digital Gear/state","Native alpha texture; state-selected normal/redline/glow layer"
"Digital/HUD_Dial_Digital_Gear_Redline_3.png","ForzaUI/Textures/Data_Bound/Speedo_Digital/HUD_Dial_Digital_Gear_Redline_3.png","standalone HiRes texture","136","136","df9aa6ed307d75bafe869aa7368a01db5257ce993a856c6570be6f2423341f46","Digital Gear/state","Native alpha texture; state-selected normal/redline/glow layer"
"Digital/HUD_Dial_Digital_Gear_Redline_4.png","ForzaUI/Textures/Data_Bound/Speedo_Digital/HUD_Dial_Digital_Gear_Redline_4.png","standalone HiRes texture","136","136","a720cba30b2d98100ee3da92997788142e018480fb2fddf86e5de23e89d9c26f","Digital Gear/state","Native alpha texture; state-selected normal/redline/glow layer"
"Digital/HUD_Dial_Digital_Gear_Redline_5.png","ForzaUI/Textures/Data_Bound/Speedo_Digital/HUD_Dial_Digital_Gear_Redline_5.png","standalone HiRes texture","136","136","3a4644e11d4bbfc28f6f8fe014ce547ef5d630de2f7d9de4f9a6990d93b55f8d","Digital Gear/state","Native alpha texture; state-selected normal/redline/glow layer"
"Digital/HUD_Dial_Digital_Gear_Redline_6.png","ForzaUI/Textures/Data_Bound/Speedo_Digital/HUD_Dial_Digital_Gear_Redline_6.png","standalone HiRes texture","136","136","6d6dc156862683cb990186d105c47d7e6cf10c06ce0bdaf4f3bf654deb8212e3","Digital Gear/state","Native alpha texture; state-selected normal/redline/glow layer"
"Digital/HUD_Dial_Digital_Gear_Redline_7.png","ForzaUI/Textures/Data_Bound/Speedo_Digital/HUD_Dial_Digital_Gear_Redline_7.png","standalone HiRes texture","136","136","63e5bce3f1c4cc570ae94458ddbdc9dc791912ae4a1eb13c11cce6a0a78c4887","Digital Gear/state","Native alpha texture; state-selected normal/redline/glow layer"
"Digital/HUD_Dial_Digital_Gear_Redline_8.png","ForzaUI/Textures/Data_Bound/Speedo_Digital/HUD_Dial_Digital_Gear_Redline_8.png","standalone HiRes texture","136","136","baa532a18c513a76a259ddaf6f7fd37075fecbcfbd32bd3b9b90303c2eb205ac","Digital Gear/state","Native alpha texture; state-selected normal/redline/glow layer"
"Digital/HUD_Dial_Digital_Gear_Redline_9.png","ForzaUI/Textures/Data_Bound/Speedo_Digital/HUD_Dial_Digital_Gear_Redline_9.png","standalone HiRes texture","136","136","80507dbee492788109b5cf8604b094fed915c7a50a20564c00eeb74628b89d4c","Digital Gear/state","Native alpha texture; state-selected normal/redline/glow layer"
"Digital/HUD_Dial_Digital_Gear_Redline_Drive.png","ForzaUI/Textures/Data_Bound/Speedo_Digital/HUD_Dial_Digital_Gear_Redline_Drive.png","standalone HiRes texture","136","136","f69fcd76ac97c6701572938054165c79a72c4fa89b57ad9c229004bc6f61fad1","Digital Gear/state","Native alpha texture; state-selected normal/redline/glow layer"
"Digital/HUD_Dial_Digital_Gear_Redline_glow_0.png","ForzaUI/Textures/Data_Bound/Speedo_Digital/HUD_Dial_Digital_Gear_Redline_glow_0.png","standalone HiRes texture","136","136","126733161f1140d96fed30ae9c50c0d84ebe4787f0a2740a079c959d7e3a08cb","Digital Gear/state","Native alpha texture; state-selected normal/redline/glow layer"
"Digital/HUD_Dial_Digital_Gear_Redline_glow_1.png","ForzaUI/Textures/Data_Bound/Speedo_Digital/HUD_Dial_Digital_Gear_Redline_glow_1.png","standalone HiRes texture","136","136","a3676f0240a81af5dba47787177de23af02bf3269b7ed354ae8e6062644e2b1c","Digital Gear/state","Native alpha texture; state-selected normal/redline/glow layer"
"Digital/HUD_Dial_Digital_Gear_Redline_glow_10.png","ForzaUI/Textures/Data_Bound/Speedo_Digital/HUD_Dial_Digital_Gear_Redline_glow_10.png","standalone HiRes texture","136","136","aa6980a55618decc5a338481bd4aa0d52cb061eb07e773381f7db0a3997e2a36","Digital Gear/state","Native alpha texture; state-selected normal/redline/glow layer"
"Digital/HUD_Dial_Digital_Gear_Redline_glow_2.png","ForzaUI/Textures/Data_Bound/Speedo_Digital/HUD_Dial_Digital_Gear_Redline_glow_2.png","standalone HiRes texture","136","136","6edde36b849c2cdf2b892f44dbe02ab1817c027d1d61fb43a8709f400c4c72e9","Digital Gear/state","Native alpha texture; state-selected normal/redline/glow layer"
"Digital/HUD_Dial_Digital_Gear_Redline_glow_3.png","ForzaUI/Textures/Data_Bound/Speedo_Digital/HUD_Dial_Digital_Gear_Redline_glow_3.png","standalone HiRes texture","136","136","131cfa51920bf4344f002473aaef67f1efec9339479ee3d166cfc2f5af581985","Digital Gear/state","Native alpha texture; state-selected normal/redline/glow layer"
"Digital/HUD_Dial_Digital_Gear_Redline_glow_4.png","ForzaUI/Textures/Data_Bound/Speedo_Digital/HUD_Dial_Digital_Gear_Redline_glow_4.png","standalone HiRes texture","136","136","205b6412c394c175066e5cf72888bb7bf4a425bf5b5b7037a460afcaf826ac16","Digital Gear/state","Native alpha texture; state-selected normal/redline/glow layer"
"Digital/HUD_Dial_Digital_Gear_Redline_glow_5.png","ForzaUI/Textures/Data_Bound/Speedo_Digital/HUD_Dial_Digital_Gear_Redline_glow_5.png","standalone HiRes texture","136","136","2c2e790e52c397af2fe582a849888e16bec71a5d5f856a9f9b7102708ec0ef53","Digital Gear/state","Native alpha texture; state-selected normal/redline/glow layer"
"Digital/HUD_Dial_Digital_Gear_Redline_glow_6.png","ForzaUI/Textures/Data_Bound/Speedo_Digital/HUD_Dial_Digital_Gear_Redline_glow_6.png","standalone HiRes texture","136","136","122843a1f738f0afcd47a07e61e1a9f126dca836096f5fcbabc61be01a4aa251","Digital Gear/state","Native alpha texture; state-selected normal/redline/glow layer"
"Digital/HUD_Dial_Digital_Gear_Redline_glow_7.png","ForzaUI/Textures/Data_Bound/Speedo_Digital/HUD_Dial_Digital_Gear_Redline_glow_7.png","standalone HiRes texture","136","136","b9e0f019c3daac2b1099f1705b7c99afc6a07c01a301292e19c6f08facc46173","Digital Gear/state","Native alpha texture; state-selected normal/redline/glow layer"
"Digital/HUD_Dial_Digital_Gear_Redline_glow_8.png","ForzaUI/Textures/Data_Bound/Speedo_Digital/HUD_Dial_Digital_Gear_Redline_glow_8.png","standalone HiRes texture","136","136","950730787b1ddb3d90c6d1fc3cc2f32a60bda44ca36943704c681444ccf0ebb3","Digital Gear/state","Native alpha texture; state-selected normal/redline/glow layer"
"Digital/HUD_Dial_Digital_Gear_Redline_glow_9.png","ForzaUI/Textures/Data_Bound/Speedo_Digital/HUD_Dial_Digital_Gear_Redline_glow_9.png","standalone HiRes texture","136","136","3fda1e82de85180d424c3b2e0159329e8e516f3caa319e778122dabe0faa4a7c","Digital Gear/state","Native alpha texture; state-selected normal/redline/glow layer"
"Digital/HUD_Dial_Digital_Gear_Redline_glow_Drive.png","ForzaUI/Textures/Data_Bound/Speedo_Digital/HUD_Dial_Digital_Gear_Redline_glow_Drive.png","standalone HiRes texture","136","136","7533e4039030b513d048312eed09634388ca5950bd5698bdfcfdb12ae0a3aae3","Digital Gear/state","Native alpha texture; state-selected normal/redline/glow layer"
"Digital/HUD_Dial_Digital_Gear_Redline_glow_N.png","ForzaUI/Textures/Data_Bound/Speedo_Digital/HUD_Dial_Digital_Gear_Redline_glow_N.png","standalone HiRes texture","136","136","9bf06071ca494e75d828b1e9b9027676417bbb2f225c819c308df28459f65128","Digital Gear/state","Native alpha texture; state-selected normal/redline/glow layer"
"Digital/HUD_Dial_Digital_Gear_Redline_glow_R.png","ForzaUI/Textures/Data_Bound/Speedo_Digital/HUD_Dial_Digital_Gear_Redline_glow_R.png","standalone HiRes texture","136","136","1e1c134f0d3246031057391e1644b51f4e2fa51ac3dbd53cedb9b8e39d084cf5","Digital Gear/state","Native alpha texture; state-selected normal/redline/glow layer"
"Digital/HUD_Dial_Digital_Gear_Redline_glow_Reverse.png","ForzaUI/Textures/Data_Bound/Speedo_Digital/HUD_Dial_Digital_Gear_Redline_glow_Reverse.png","standalone HiRes texture","136","136","01d4dddd3849d754fee1c4b10a4cba50020f734a488250958a14e5757f490f10","Digital Gear/state","Native alpha texture; state-selected normal/redline/glow layer"
"Digital/HUD_Dial_Digital_Gear_Redline_N.png","ForzaUI/Textures/Data_Bound/Speedo_Digital/HUD_Dial_Digital_Gear_Redline_N.png","standalone HiRes texture","136","136","08091a0f318c82cbb97325f9ab69a6f44b569607d85a0eb2d12bf756973c91b5","Digital Gear/state","Native alpha texture; state-selected normal/redline/glow layer"
"Digital/HUD_Dial_Digital_Gear_Redline_R.png","ForzaUI/Textures/Data_Bound/Speedo_Digital/HUD_Dial_Digital_Gear_Redline_R.png","standalone HiRes texture","136","136","3ec9ffae8872bb7c0a8285a55307e8ddf690858c905178c3800f19683bc1e2c3","Digital Gear/state","Native alpha texture; state-selected normal/redline/glow layer"
"Digital/HUD_Dial_Digital_Gear_Redline_Reverse.png","ForzaUI/Textures/Data_Bound/Speedo_Digital/HUD_Dial_Digital_Gear_Redline_Reverse.png","standalone HiRes texture","136","136","62709c3ab6542bf9fde1f57b0b80bd1bb6ef2c1f999f42b66c365d8e2602ff71","Digital Gear/state","Native alpha texture; state-selected normal/redline/glow layer"
"Digital/HUD_Dial_Digital_Gear_Reverse.png","ForzaUI/Textures/Data_Bound/Speedo_Digital/HUD_Dial_Digital_Gear_Reverse.png","standalone HiRes texture","136","136","bf5314b953d96c9713430be5d128ed27196a0ad7c1ef4ad47ed1f7d17f0cef70","Digital Gear/state","Native alpha texture; state-selected normal/redline/glow layer"
"Digital/HUD_Dial_Speed_Digital_0.png","ForzaUI/Textures/Data_Bound/Speedo_Digital/HUD_Dial_Speed_Digital_0.png","standalone HiRes texture","140","212","37c12a2a6b707bd7ab4b4d65a8f2c7b3566399a530f7257101e570f72d382e5c","Digital Speed digit","Native alpha texture; XAML normal/faded opacity tint"
"Digital/HUD_Dial_Speed_Digital_1.png","ForzaUI/Textures/Data_Bound/Speedo_Digital/HUD_Dial_Speed_Digital_1.png","standalone HiRes texture","140","212","28fb72712804ab10fdaa77bfa439097a9019e1b80ed1c9265a3ac914dcbcda06","Digital Speed digit","Native alpha texture; XAML normal/faded opacity tint"
"Digital/HUD_Dial_Speed_Digital_2.png","ForzaUI/Textures/Data_Bound/Speedo_Digital/HUD_Dial_Speed_Digital_2.png","standalone HiRes texture","140","212","e7cd52dc6a1e4276087877c4c19fc0b0a0d410990604deaa52d68db7f62e24d3","Digital Speed digit","Native alpha texture; XAML normal/faded opacity tint"
"Digital/HUD_Dial_Speed_Digital_3.png","ForzaUI/Textures/Data_Bound/Speedo_Digital/HUD_Dial_Speed_Digital_3.png","standalone HiRes texture","140","212","befad4f55e0c0a24dffd0661bd44c70711dd17cf12181060776d59b916d15a4c","Digital Speed digit","Native alpha texture; XAML normal/faded opacity tint"
"Digital/HUD_Dial_Speed_Digital_4.png","ForzaUI/Textures/Data_Bound/Speedo_Digital/HUD_Dial_Speed_Digital_4.png","standalone HiRes texture","140","212","ca982bc2115c72b22fca5def14a9af8d440a2e94d654272011f08d4fb5214462","Digital Speed digit","Native alpha texture; XAML normal/faded opacity tint"
"Digital/HUD_Dial_Speed_Digital_5.png","ForzaUI/Textures/Data_Bound/Speedo_Digital/HUD_Dial_Speed_Digital_5.png","standalone HiRes texture","140","212","e1c6f49c050feac8ea0171c9697ed046614e017b5ff5d23b82147352483e6e24","Digital Speed digit","Native alpha texture; XAML normal/faded opacity tint"
"Digital/HUD_Dial_Speed_Digital_6.png","ForzaUI/Textures/Data_Bound/Speedo_Digital/HUD_Dial_Speed_Digital_6.png","standalone HiRes texture","140","212","8a471c30843e8d211f80c6db53d273f49259958cf41d65f3493d8d2fa7269385","Digital Speed digit","Native alpha texture; XAML normal/faded opacity tint"
"Digital/HUD_Dial_Speed_Digital_7.png","ForzaUI/Textures/Data_Bound/Speedo_Digital/HUD_Dial_Speed_Digital_7.png","standalone HiRes texture","140","212","fdbc6161cdda605fbb68d160c8d231c4025e17636806b49887a4420175fd1898","Digital Speed digit","Native alpha texture; XAML normal/faded opacity tint"
"Digital/HUD_Dial_Speed_Digital_8.png","ForzaUI/Textures/Data_Bound/Speedo_Digital/HUD_Dial_Speed_Digital_8.png","standalone HiRes texture","140","212","239e28b2e3cb19fb4e9725b47b958225633688345b949f92409eab8499b99c09","Digital Speed digit","Native alpha texture; XAML normal/faded opacity tint"
"Digital/HUD_Dial_Speed_Digital_9.png","ForzaUI/Textures/Data_Bound/Speedo_Digital/HUD_Dial_Speed_Digital_9.png","standalone HiRes texture","140","212","e5b3e8de0b65fa8f98738d14e95793bf5b58200294469bbfbd6802ab1662d5d2","Digital Speed digit","Native alpha texture; XAML normal/faded opacity tint"
"Digital/HUD_Dial_Unit_Digital_KPH.png","ForzaUI/Textures/Data_Bound/Speedo_Digital/HUD_Dial_Unit_Digital_KPH.png","standalone HiRes texture","88","46","5f0157cb2983dd404cb40eea6539c52ea7f6854fd2ef230645698f06ef821296","Digital Unit label","Native alpha texture; XAML opacity tint"
"Digital/HUD_Dial_Unit_Digital_MPH.png","ForzaUI/Textures/Data_Bound/Speedo_Digital/HUD_Dial_Unit_Digital_MPH.png","standalone HiRes texture","88","46","351919108222880f8c4923f4e99aad23aee3d61c69bea5da9fec7b95628df5b0","Digital Unit label","Native alpha texture; XAML opacity tint"
"Analogue/HUD_Dial_Analog_Gear_1.png","ForzaUI/Textures/Data_Bound/Speedo_Analogue/HUD_Dial_Analog_Gear_1.png","standalone HiRes texture","200","200","bf85e033759be0aa6207e6c186b54851f6819af755fbc0be6dcf24846411f3e3","Analogue Gear/state","Native alpha texture; state-selected normal/redline/glow layer"
"Analogue/HUD_Dial_Analog_Gear_10.png","ForzaUI/Textures/Data_Bound/Speedo_Analogue/HUD_Dial_Analog_Gear_10.png","standalone HiRes texture","200","200","06c707f5bb66fd84ae233b0c054f41c2523c627bb74d99e6f53aa596d749d51f","Analogue Gear/state","Native alpha texture; state-selected normal/redline/glow layer"
"Analogue/HUD_Dial_Analog_Gear_2.png","ForzaUI/Textures/Data_Bound/Speedo_Analogue/HUD_Dial_Analog_Gear_2.png","standalone HiRes texture","200","200","7b6cb690dfaaab82ff2c2f3f9c05b0531732e577f469dc8614748a17c12450e0","Analogue Gear/state","Native alpha texture; state-selected normal/redline/glow layer"
"Analogue/HUD_Dial_Analog_Gear_3.png","ForzaUI/Textures/Data_Bound/Speedo_Analogue/HUD_Dial_Analog_Gear_3.png","standalone HiRes texture","200","200","57586be719300608354a963e188baa83f9dd60d888d49fa6cc319889c21a6208","Analogue Gear/state","Native alpha texture; state-selected normal/redline/glow layer"
"Analogue/HUD_Dial_Analog_Gear_4.png","ForzaUI/Textures/Data_Bound/Speedo_Analogue/HUD_Dial_Analog_Gear_4.png","standalone HiRes texture","200","200","8a64fce07cabda375e6c215a39cb63476c6293afd4a3b76d1708c287929e38b4","Analogue Gear/state","Native alpha texture; state-selected normal/redline/glow layer"
"Analogue/HUD_Dial_Analog_Gear_5.png","ForzaUI/Textures/Data_Bound/Speedo_Analogue/HUD_Dial_Analog_Gear_5.png","standalone HiRes texture","200","200","600a5d2b7d8c7ab3c2a6cf5d4ffc86fec2ad6cc4479588c64df1fa3228e81ced","Analogue Gear/state","Native alpha texture; state-selected normal/redline/glow layer"
"Analogue/HUD_Dial_Analog_Gear_6.png","ForzaUI/Textures/Data_Bound/Speedo_Analogue/HUD_Dial_Analog_Gear_6.png","standalone HiRes texture","200","200","fbdccf5f444d142dd843fd48250d8a70cff03a4aee6374a5a51a1afe0af6aec1","Analogue Gear/state","Native alpha texture; state-selected normal/redline/glow layer"
"Analogue/HUD_Dial_Analog_Gear_7.png","ForzaUI/Textures/Data_Bound/Speedo_Analogue/HUD_Dial_Analog_Gear_7.png","standalone HiRes texture","200","200","9bfae88ef86d219093716a284df4dbb38d8836b10bcaa6bcc004c9502e9dc9da","Analogue Gear/state","Native alpha texture; state-selected normal/redline/glow layer"
"Analogue/HUD_Dial_Analog_Gear_8.png","ForzaUI/Textures/Data_Bound/Speedo_Analogue/HUD_Dial_Analog_Gear_8.png","standalone HiRes texture","200","200","07efd37cedcdb3450d028070a88405f3e92eee4c19a4e5b01fb61e8567c26b64","Analogue Gear/state","Native alpha texture; state-selected normal/redline/glow layer"
"Analogue/HUD_Dial_Analog_Gear_9.png","ForzaUI/Textures/Data_Bound/Speedo_Analogue/HUD_Dial_Analog_Gear_9.png","standalone HiRes texture","200","200","340f56cb1ce2df31a22f9088e7fb4a837a594327329aada235945c3e687fc89e","Analogue Gear/state","Native alpha texture; state-selected normal/redline/glow layer"
"Analogue/HUD_Dial_Analog_Gear_N.png","ForzaUI/Textures/Data_Bound/Speedo_Analogue/HUD_Dial_Analog_Gear_N.png","standalone HiRes texture","200","200","5af724cc043f7df0f75256e81fa6812b09bd0c1d3d276b83416171f23356dc65","Analogue Gear/state","Native alpha texture; state-selected normal/redline/glow layer"
"Analogue/HUD_Dial_Analog_Gear_R.png","ForzaUI/Textures/Data_Bound/Speedo_Analogue/HUD_Dial_Analog_Gear_R.png","standalone HiRes texture","200","200","b408042a54fba60373a1383ce34ed2355a2c36b0ff85589d8c076f35711cb551","Analogue Gear/state","Native alpha texture; state-selected normal/redline/glow layer"
"Analogue/HUD_Dial_Analog_Gear_Redline_1.png","ForzaUI/Textures/Data_Bound/Speedo_Analogue/HUD_Dial_Analog_Gear_Redline_1.png","standalone HiRes texture","200","200","ea26e27553c9627efb891e02ecbfe796a50e5ed4e6ef95c318093423a719e5c1","Analogue Gear/state","Native alpha texture; state-selected normal/redline/glow layer"
"Analogue/HUD_Dial_Analog_Gear_Redline_10.png","ForzaUI/Textures/Data_Bound/Speedo_Analogue/HUD_Dial_Analog_Gear_Redline_10.png","standalone HiRes texture","200","200","7e7569975ceddddcc8b200f26ed1f5d8534fcf27586a3def1867406d0f96e776","Analogue Gear/state","Native alpha texture; state-selected normal/redline/glow layer"
"Analogue/HUD_Dial_Analog_Gear_Redline_2.png","ForzaUI/Textures/Data_Bound/Speedo_Analogue/HUD_Dial_Analog_Gear_Redline_2.png","standalone HiRes texture","200","200","aad00ffdac1cd890712fc66af757dc1e137d423533f1e4ebf9038362831e1a06","Analogue Gear/state","Native alpha texture; state-selected normal/redline/glow layer"
"Analogue/HUD_Dial_Analog_Gear_Redline_3.png","ForzaUI/Textures/Data_Bound/Speedo_Analogue/HUD_Dial_Analog_Gear_Redline_3.png","standalone HiRes texture","200","200","2cc4de07a0177618cc8311d7994e8b9d44a614f89a75e052def09391b7887b84","Analogue Gear/state","Native alpha texture; state-selected normal/redline/glow layer"
"Analogue/HUD_Dial_Analog_Gear_Redline_4.png","ForzaUI/Textures/Data_Bound/Speedo_Analogue/HUD_Dial_Analog_Gear_Redline_4.png","standalone HiRes texture","200","200","d6cc6d1118001ad170678d0fa89b8fa73211d1fb8b2254edc981a419b58ba934","Analogue Gear/state","Native alpha texture; state-selected normal/redline/glow layer"
"Analogue/HUD_Dial_Analog_Gear_Redline_5.png","ForzaUI/Textures/Data_Bound/Speedo_Analogue/HUD_Dial_Analog_Gear_Redline_5.png","standalone HiRes texture","200","200","283e43c92ee7fcd5b6146aa7e71519ca6440c0f08f99b6f3345fa37e91e5087b","Analogue Gear/state","Native alpha texture; state-selected normal/redline/glow layer"
"Analogue/HUD_Dial_Analog_Gear_Redline_6.png","ForzaUI/Textures/Data_Bound/Speedo_Analogue/HUD_Dial_Analog_Gear_Redline_6.png","standalone HiRes texture","200","200","b0f8e5ff3719195881f0dc85bf1807efd9c59f6ae1d069478413c3d618a06edf","Analogue Gear/state","Native alpha texture; state-selected normal/redline/glow layer"
"Analogue/HUD_Dial_Analog_Gear_Redline_7.png","ForzaUI/Textures/Data_Bound/Speedo_Analogue/HUD_Dial_Analog_Gear_Redline_7.png","standalone HiRes texture","200","200","9d30416271121efd11837d659ef18f5cf8f6485900b4e2d85e9403dab978935b","Analogue Gear/state","Native alpha texture; state-selected normal/redline/glow layer"
"Analogue/HUD_Dial_Analog_Gear_Redline_8.png","ForzaUI/Textures/Data_Bound/Speedo_Analogue/HUD_Dial_Analog_Gear_Redline_8.png","standalone HiRes texture","200","200","f60aa8ddcb6813b55e550c7a1831f51e2675ce97799324313080c69beeea6312","Analogue Gear/state","Native alpha texture; state-selected normal/redline/glow layer"
"Analogue/HUD_Dial_Analog_Gear_Redline_9.png","ForzaUI/Textures/Data_Bound/Speedo_Analogue/HUD_Dial_Analog_Gear_Redline_9.png","standalone HiRes texture","200","200","4c85017f7299fb64fea80f03f90212f3be29dd122934d235dd02cc19f4afa2fb","Analogue Gear/state","Native alpha texture; state-selected normal/redline/glow layer"
"Analogue/HUD_Dial_Analog_Gear_Redline_glow_1.png","ForzaUI/Textures/Data_Bound/Speedo_Analogue/HUD_Dial_Analog_Gear_Redline_glow_1.png","standalone HiRes texture","200","200","dd4f9f65b609457f66fb760a4c50f0fe0aa28c59dea0f9ddf54fe3291eb5c5c6","Analogue Gear/state","Native alpha texture; state-selected normal/redline/glow layer"
"Analogue/HUD_Dial_Analog_Gear_Redline_glow_10.png","ForzaUI/Textures/Data_Bound/Speedo_Analogue/HUD_Dial_Analog_Gear_Redline_glow_10.png","standalone HiRes texture","200","200","f9828ab4020c19d581650376731d7bab4442c8cfcb987842029a358babf46ab4","Analogue Gear/state","Native alpha texture; state-selected normal/redline/glow layer"
"Analogue/HUD_Dial_Analog_Gear_Redline_glow_2.png","ForzaUI/Textures/Data_Bound/Speedo_Analogue/HUD_Dial_Analog_Gear_Redline_glow_2.png","standalone HiRes texture","200","200","afcd89a7329ba5db69f01bb26c402bbdadd603bb35cee3dfaa1c2d1347af6161","Analogue Gear/state","Native alpha texture; state-selected normal/redline/glow layer"
"Analogue/HUD_Dial_Analog_Gear_Redline_glow_3.png","ForzaUI/Textures/Data_Bound/Speedo_Analogue/HUD_Dial_Analog_Gear_Redline_glow_3.png","standalone HiRes texture","200","200","24d6d798730a89aeb7e0fe38d2922b7acf2ef7549b1085d8219a597f37c7e341","Analogue Gear/state","Native alpha texture; state-selected normal/redline/glow layer"
"Analogue/HUD_Dial_Analog_Gear_Redline_glow_4.png","ForzaUI/Textures/Data_Bound/Speedo_Analogue/HUD_Dial_Analog_Gear_Redline_glow_4.png","standalone HiRes texture","200","200","de84b66f481f4a45f97c44c879873ea1c2853757b30f2fb3dcafe6cb64e4e50e","Analogue Gear/state","Native alpha texture; state-selected normal/redline/glow layer"
"Analogue/HUD_Dial_Analog_Gear_Redline_glow_5.png","ForzaUI/Textures/Data_Bound/Speedo_Analogue/HUD_Dial_Analog_Gear_Redline_glow_5.png","standalone HiRes texture","200","200","3f6f1a7ae46ccde117ec317d9e23e2ada3e58daa62bd1bc9b2ebdd40ac13e07a","Analogue Gear/state","Native alpha texture; state-selected normal/redline/glow layer"
"Analogue/HUD_Dial_Analog_Gear_Redline_glow_6.png","ForzaUI/Textures/Data_Bound/Speedo_Analogue/HUD_Dial_Analog_Gear_Redline_glow_6.png","standalone HiRes texture","200","200","cb500e4528de1624ac63e83c3cafd7534b02a3d5cc76728b8b0311dcca61df4a","Analogue Gear/state","Native alpha texture; state-selected normal/redline/glow layer"
"Analogue/HUD_Dial_Analog_Gear_Redline_glow_7.png","ForzaUI/Textures/Data_Bound/Speedo_Analogue/HUD_Dial_Analog_Gear_Redline_glow_7.png","standalone HiRes texture","200","200","d006fc1f150fcd9ef74797737883e3694db887a324675be0a659434c0e29231e","Analogue Gear/state","Native alpha texture; state-selected normal/redline/glow layer"
"Analogue/HUD_Dial_Analog_Gear_Redline_glow_8.png","ForzaUI/Textures/Data_Bound/Speedo_Analogue/HUD_Dial_Analog_Gear_Redline_glow_8.png","standalone HiRes texture","200","200","ef4e76c5bbcc5cd0885b96c57e43fc2f237fe40b3458563e9db2093a9e7bcedc","Analogue Gear/state","Native alpha texture; state-selected normal/redline/glow layer"
"Analogue/HUD_Dial_Analog_Gear_Redline_glow_9.png","ForzaUI/Textures/Data_Bound/Speedo_Analogue/HUD_Dial_Analog_Gear_Redline_glow_9.png","standalone HiRes texture","200","200","6b7bb82dc483c1262c0b9a4e30c04e81495975ce0477065d3103dff62053aa49","Analogue Gear/state","Native alpha texture; state-selected normal/redline/glow layer"
"Analogue/HUD_Dial_Assist_Analogue_ABS_Off.png","ForzaUI/Textures/Data_Bound/Speedo_Analogue/HUD_Dial_Assist_Analogue_ABS_Off.png","standalone HiRes texture","108","68","1bd3855896b6373c4a5d083fbd75c7780fcf6850a52c5c4c7c073fc8f99c5371","Analogue Assist state","Native alpha texture; state-selected off/on/glow layer"
"Analogue/HUD_Dial_Assist_Analogue_ABS_On.png","ForzaUI/Textures/Data_Bound/Speedo_Analogue/HUD_Dial_Assist_Analogue_ABS_On.png","standalone HiRes texture","108","68","9a0d4e764d02e29c5c9aa1f352a9f0bb0c0de3b823f44c68daa7d446429dc670","Analogue Assist state","Native alpha texture; state-selected off/on/glow layer"
"Analogue/HUD_Dial_Assist_Analogue_ABS_On_glow.png","ForzaUI/Textures/Data_Bound/Speedo_Analogue/HUD_Dial_Assist_Analogue_ABS_On_glow.png","standalone HiRes texture","108","68","7ed347d322a12f8a0b0336a505fdd8f383eb1781efdddf0b7ee95452c4fb56d4","Analogue Assist state","Native alpha texture; state-selected off/on/glow layer"
"Analogue/HUD_Dial_Assist_Analogue_HWA_Off.png","ForzaUI/Textures/Data_Bound/Speedo_Analogue/HUD_Dial_Assist_Analogue_HWA_Off.png","standalone HiRes texture","108","68","3941cb9b5ab802a9a982edf45a3645b3b258039440743c384834e5c1603aff69","Analogue Assist state","Native alpha texture; state-selected off/on/glow layer"
"Analogue/HUD_Dial_Assist_Analogue_HWA_On.png","ForzaUI/Textures/Data_Bound/Speedo_Analogue/HUD_Dial_Assist_Analogue_HWA_On.png","standalone HiRes texture","108","68","105a42ba059893f0b32aef6eeb41bda5231a7bfc1460f143547f1c53ce099703","Analogue Assist state","Native alpha texture; state-selected off/on/glow layer"
"Analogue/HUD_Dial_Assist_Analogue_HWA_On_glow.png","ForzaUI/Textures/Data_Bound/Speedo_Analogue/HUD_Dial_Assist_Analogue_HWA_On_glow.png","standalone HiRes texture","108","68","c43b832baf83f7d3e3fe4d337df7a44fc2121df0284ca45219aa180aa5bfced3","Analogue Assist state","Native alpha texture; state-selected off/on/glow layer"
"Analogue/HUD_Dial_Assist_Analogue_LC_Off.png","ForzaUI/Textures/Data_Bound/Speedo_Analogue/HUD_Dial_Assist_Analogue_LC_Off.png","standalone HiRes texture","108","68","b51ddeb3b92943002709f60040f39c1221114afb4dcc84e09cef96af09ca6666","Analogue Assist state","Native alpha texture; state-selected off/on/glow layer"
"Analogue/HUD_Dial_Assist_Analogue_LC_On.png","ForzaUI/Textures/Data_Bound/Speedo_Analogue/HUD_Dial_Assist_Analogue_LC_On.png","standalone HiRes texture","108","68","0e45c7ac531ea5271fb8df337089f79265771026651b690d09be85be8ce8adfa","Analogue Assist state","Native alpha texture; state-selected off/on/glow layer"
"Analogue/HUD_Dial_Assist_Analogue_LC_On_glow.png","ForzaUI/Textures/Data_Bound/Speedo_Analogue/HUD_Dial_Assist_Analogue_LC_On_glow.png","standalone HiRes texture","108","68","8a0de12014d744b0eaa3cf2b63ddbf4eca10b6b4e5d84c435e848dce60e945c2","Analogue Assist state","Native alpha texture; state-selected off/on/glow layer"
"Analogue/HUD_Dial_Assist_Analogue_STM_Off.png","ForzaUI/Textures/Data_Bound/Speedo_Analogue/HUD_Dial_Assist_Analogue_STM_Off.png","standalone HiRes texture","108","68","ac11220bcb77773c45f910954bab252096d0c6464d6b5f271a0e3aeb5caa702e","Analogue Assist state","Native alpha texture; state-selected off/on/glow layer"
"Analogue/HUD_Dial_Assist_Analogue_STM_On.png","ForzaUI/Textures/Data_Bound/Speedo_Analogue/HUD_Dial_Assist_Analogue_STM_On.png","standalone HiRes texture","108","68","9f224feb9118c914905350c9e2b3d6153e4caa629721011d381160107a23f35d","Analogue Assist state","Native alpha texture; state-selected off/on/glow layer"
"Analogue/HUD_Dial_Assist_Analogue_STM_On_glow.png","ForzaUI/Textures/Data_Bound/Speedo_Analogue/HUD_Dial_Assist_Analogue_STM_On_glow.png","standalone HiRes texture","108","68","cca8d723ad5cf5b9f9830db032957efdf519694fe1da94e5fb878da7145196fe","Analogue Assist state","Native alpha texture; state-selected off/on/glow layer"
"Analogue/HUD_Dial_Assist_Analogue_TCR_Off.png","ForzaUI/Textures/Data_Bound/Speedo_Analogue/HUD_Dial_Assist_Analogue_TCR_Off.png","standalone HiRes texture","108","68","3cf9d9159d16d46d2e522fb2addc26832e37c9b1df6f97503e9da2628fe9aff4","Analogue Assist state","Native alpha texture; state-selected off/on/glow layer"
"Analogue/HUD_Dial_Assist_Analogue_TCR_On.png","ForzaUI/Textures/Data_Bound/Speedo_Analogue/HUD_Dial_Assist_Analogue_TCR_On.png","standalone HiRes texture","108","68","45979efc0211902fa0e0dde3f8df9b7fb1f6e2c83e3ddb5600aa3920a4a38ca4","Analogue Assist state","Native alpha texture; state-selected off/on/glow layer"
"Analogue/HUD_Dial_Assist_Analogue_TCR_On_glow.png","ForzaUI/Textures/Data_Bound/Speedo_Analogue/HUD_Dial_Assist_Analogue_TCR_On_glow.png","standalone HiRes texture","108","68","f90c24feb956f422cac680f73ae767e2392eb865d084f7b8c5d89c1072225200","Analogue Assist state","Native alpha texture; state-selected off/on/glow layer"
"Analogue/HUD_Dial_RevNumbers_0.png","ForzaUI/Textures/Data_Bound/Speedo_Analogue/HUD_Dial_RevNumbers_0.png","standalone HiRes texture","36","36","6b8c446467c3b9243940084ab4d2e91097425e2d13c7c792528dc8e35dd097f8","Analogue RPM number","Native alpha mask; XAML normal/lit/redline tint"
"Analogue/HUD_Dial_RevNumbers_1.png","ForzaUI/Textures/Data_Bound/Speedo_Analogue/HUD_Dial_RevNumbers_1.png","standalone HiRes texture","36","36","77615b95feca8886d6d33d86b8812a485887c717485658e489549ad590e840b5","Analogue RPM number","Native alpha mask; XAML normal/lit/redline tint"
"Analogue/HUD_Dial_RevNumbers_10.png","ForzaUI/Textures/Data_Bound/Speedo_Analogue/HUD_Dial_RevNumbers_10.png","standalone HiRes texture","36","36","a2c340a590c9e9225697d23aa2bdfecb5460c0ec372ed0c0d255ae634363741c","Analogue RPM number","Native alpha mask; XAML normal/lit/redline tint"
"Analogue/HUD_Dial_RevNumbers_11.png","ForzaUI/Textures/Data_Bound/Speedo_Analogue/HUD_Dial_RevNumbers_11.png","standalone HiRes texture","36","36","9aedcda4297e0ac5e1535361e6a1927f8c0439262c1c65d050ff7f15aa42d698","Analogue RPM number","Native alpha mask; XAML normal/lit/redline tint"
"Analogue/HUD_Dial_RevNumbers_12.png","ForzaUI/Textures/Data_Bound/Speedo_Analogue/HUD_Dial_RevNumbers_12.png","standalone HiRes texture","36","36","fa26262ca1bff0c57f200487a6fbfb00c3965c9cf950bcee9e744ede2190e199","Analogue RPM number","Native alpha mask; XAML normal/lit/redline tint"
"Analogue/HUD_Dial_RevNumbers_13.png","ForzaUI/Textures/Data_Bound/Speedo_Analogue/HUD_Dial_RevNumbers_13.png","standalone HiRes texture","36","36","fc0d02a576fbfbf8b9dbad0ac637f0022cc8ad3dc0f247edacd92e14f3aec650","Analogue RPM number","Native alpha mask; XAML normal/lit/redline tint"
"Analogue/HUD_Dial_RevNumbers_14.png","ForzaUI/Textures/Data_Bound/Speedo_Analogue/HUD_Dial_RevNumbers_14.png","standalone HiRes texture","36","36","f1ddff3d6f4d1337f8ccec1638bdfdae477c539594b160ab4c971c30cac79aa1","Analogue RPM number","Native alpha mask; XAML normal/lit/redline tint"
"Analogue/HUD_Dial_RevNumbers_15.png","ForzaUI/Textures/Data_Bound/Speedo_Analogue/HUD_Dial_RevNumbers_15.png","standalone HiRes texture","36","36","6c1b134ceaf2f35ff5a7ebe3e20364df992039bebb5492365beef71d3781bf3c","Analogue RPM number","Native alpha mask; XAML normal/lit/redline tint"
"Analogue/HUD_Dial_RevNumbers_16.png","ForzaUI/Textures/Data_Bound/Speedo_Analogue/HUD_Dial_RevNumbers_16.png","standalone HiRes texture","36","36","acf7a2e48b8c1dd42b332f14853e310e66aa4a7b6cf188b1584da3f53400c28e","Analogue RPM number","Native alpha mask; XAML normal/lit/redline tint"
"Analogue/HUD_Dial_RevNumbers_17.png","ForzaUI/Textures/Data_Bound/Speedo_Analogue/HUD_Dial_RevNumbers_17.png","standalone HiRes texture","36","36","dd07d636da4687acab269e55060286d6c49836c0a2da080a15f5bdfbefc673ca","Analogue RPM number","Native alpha mask; XAML normal/lit/redline tint"
"Analogue/HUD_Dial_RevNumbers_18.png","ForzaUI/Textures/Data_Bound/Speedo_Analogue/HUD_Dial_RevNumbers_18.png","standalone HiRes texture","36","36","30d709704f9e1a61b3c81304b3d102d7211ca6f74e8867eec9b6bbba520c9410","Analogue RPM number","Native alpha mask; XAML normal/lit/redline tint"
"Analogue/HUD_Dial_RevNumbers_19.png","ForzaUI/Textures/Data_Bound/Speedo_Analogue/HUD_Dial_RevNumbers_19.png","standalone HiRes texture","36","36","4a9df3c4b9c92a68d85fbf030d46b69779782d83b517bbd8b563ca3bb40ee374","Analogue RPM number","Native alpha mask; XAML normal/lit/redline tint"
"Analogue/HUD_Dial_RevNumbers_2.png","ForzaUI/Textures/Data_Bound/Speedo_Analogue/HUD_Dial_RevNumbers_2.png","standalone HiRes texture","36","36","d0915defe15e626465a71cdc0e90abcb480ff29b66042c818f27b697b43f16f3","Analogue RPM number","Native alpha mask; XAML normal/lit/redline tint"
"Analogue/HUD_Dial_RevNumbers_20.png","ForzaUI/Textures/Data_Bound/Speedo_Analogue/HUD_Dial_RevNumbers_20.png","standalone HiRes texture","36","36","30bc84d54c4bcaaaad866e0d4e0884c5ad2c08975174c992e71531e246528937","Analogue RPM number","Native alpha mask; XAML normal/lit/redline tint"
"Analogue/HUD_Dial_RevNumbers_21.png","ForzaUI/Textures/Data_Bound/Speedo_Analogue/HUD_Dial_RevNumbers_21.png","standalone HiRes texture","36","36","69fdad659fd2bb19a744af2e08eca5b8cf95bf9f95ad4228e80c4775d15d21be","Analogue RPM number","Native alpha mask; XAML normal/lit/redline tint"
"Analogue/HUD_Dial_RevNumbers_22.png","ForzaUI/Textures/Data_Bound/Speedo_Analogue/HUD_Dial_RevNumbers_22.png","standalone HiRes texture","36","36","abfb306061a2ca4decc27d974dbc2c4230dd441f7964eab4561fd6611bfce75b","Analogue RPM number","Native alpha mask; XAML normal/lit/redline tint"
"Analogue/HUD_Dial_RevNumbers_23.png","ForzaUI/Textures/Data_Bound/Speedo_Analogue/HUD_Dial_RevNumbers_23.png","standalone HiRes texture","36","36","74c72bc287f31b0692322f50e871f8a8d974572901784ab0be32e200b14c177a","Analogue RPM number","Native alpha mask; XAML normal/lit/redline tint"
"Analogue/HUD_Dial_RevNumbers_24.png","ForzaUI/Textures/Data_Bound/Speedo_Analogue/HUD_Dial_RevNumbers_24.png","standalone HiRes texture","36","36","175eebfb84a483a8b0db0bc9a3cbde2ab9c72c09e7d69d9d00420225ceee0652","Analogue RPM number","Native alpha mask; XAML normal/lit/redline tint"
"Analogue/HUD_Dial_RevNumbers_25.png","ForzaUI/Textures/Data_Bound/Speedo_Analogue/HUD_Dial_RevNumbers_25.png","standalone HiRes texture","36","36","fd8ffbfedc2e90b6bc0035e6f5ec2eb8cd8629d5ffc23d9fc8d9238cc7850e74","Analogue RPM number","Native alpha mask; XAML normal/lit/redline tint"
"Analogue/HUD_Dial_RevNumbers_26.png","ForzaUI/Textures/Data_Bound/Speedo_Analogue/HUD_Dial_RevNumbers_26.png","standalone HiRes texture","36","36","bfefbe843e774b367dbf8d56ca0165c5c9b2107e7261f58fd526b98a9336f598","Analogue RPM number","Native alpha mask; XAML normal/lit/redline tint"
"Analogue/HUD_Dial_RevNumbers_27.png","ForzaUI/Textures/Data_Bound/Speedo_Analogue/HUD_Dial_RevNumbers_27.png","standalone HiRes texture","36","36","c9262424410ad5fb0f91272e05718c9df46576f32255f1d8cb4dfde3d41859e2","Analogue RPM number","Native alpha mask; XAML normal/lit/redline tint"
"Analogue/HUD_Dial_RevNumbers_28.png","ForzaUI/Textures/Data_Bound/Speedo_Analogue/HUD_Dial_RevNumbers_28.png","standalone HiRes texture","36","36","4ff84cf4752facda51ca665f2f057e533a17de18f2ee29a7e0ccb4a85e746542","Analogue RPM number","Native alpha mask; XAML normal/lit/redline tint"
"Analogue/HUD_Dial_RevNumbers_29.png","ForzaUI/Textures/Data_Bound/Speedo_Analogue/HUD_Dial_RevNumbers_29.png","standalone HiRes texture","36","36","6bf52d72224e9449695b5822ddcfd98d7ec01a176a06d2e2d00446a850c3d161","Analogue RPM number","Native alpha mask; XAML normal/lit/redline tint"
"Analogue/HUD_Dial_RevNumbers_3.png","ForzaUI/Textures/Data_Bound/Speedo_Analogue/HUD_Dial_RevNumbers_3.png","standalone HiRes texture","36","36","ba16f0ad35b2970af035b3b3b7452350601aa6c0440b40c7fc0f68c106cf16e8","Analogue RPM number","Native alpha mask; XAML normal/lit/redline tint"
"Analogue/HUD_Dial_RevNumbers_30.png","ForzaUI/Textures/Data_Bound/Speedo_Analogue/HUD_Dial_RevNumbers_30.png","standalone HiRes texture","36","36","ea94890faad4fdc20ff053dcb2130fd27b529db142273f348df6ef10dd572d59","Analogue RPM number","Native alpha mask; XAML normal/lit/redline tint"
"Analogue/HUD_Dial_RevNumbers_4.png","ForzaUI/Textures/Data_Bound/Speedo_Analogue/HUD_Dial_RevNumbers_4.png","standalone HiRes texture","36","36","4106fbe37bbb19aad41d8b4ddad60e5017e709924d33f4a455b372f85625a14a","Analogue RPM number","Native alpha mask; XAML normal/lit/redline tint"
"Analogue/HUD_Dial_RevNumbers_5.png","ForzaUI/Textures/Data_Bound/Speedo_Analogue/HUD_Dial_RevNumbers_5.png","standalone HiRes texture","36","36","057aaa92690cb43dcbe956e736636ec87a1c13db3cc75efbb8d6d0eb29d7cb1f","Analogue RPM number","Native alpha mask; XAML normal/lit/redline tint"
"Analogue/HUD_Dial_RevNumbers_6.png","ForzaUI/Textures/Data_Bound/Speedo_Analogue/HUD_Dial_RevNumbers_6.png","standalone HiRes texture","36","36","3bf363c7ba4220ae00d8531943dd5e8b54f0b9ad32c0e3caa9160bbaa78f4d52","Analogue RPM number","Native alpha mask; XAML normal/lit/redline tint"
"Analogue/HUD_Dial_RevNumbers_7.png","ForzaUI/Textures/Data_Bound/Speedo_Analogue/HUD_Dial_RevNumbers_7.png","standalone HiRes texture","36","36","10ef4949dc5804d2ba970d10381a5596b809f21c2572ac395d4931db345ae009","Analogue RPM number","Native alpha mask; XAML normal/lit/redline tint"
"Analogue/HUD_Dial_RevNumbers_8.png","ForzaUI/Textures/Data_Bound/Speedo_Analogue/HUD_Dial_RevNumbers_8.png","standalone HiRes texture","36","36","470b2b0018ed1fa31f571516bc9ac7346962f3aad933308e4d938d4242e6a742","Analogue RPM number","Native alpha mask; XAML normal/lit/redline tint"
"Analogue/HUD_Dial_RevNumbers_9.png","ForzaUI/Textures/Data_Bound/Speedo_Analogue/HUD_Dial_RevNumbers_9.png","standalone HiRes texture","36","36","a80a5b4518a4140fc51cbb29e01147035bb9261937c79eb99c4409b0c5c13f86","Analogue RPM number","Native alpha mask; XAML normal/lit/redline tint"
"Analogue/HUD_Dial_Speed_Analogue_0.png","ForzaUI/Textures/Data_Bound/Speedo_Analogue/HUD_Dial_Speed_Analogue_0.png","standalone HiRes texture","120","186","8c7f0dacb0d844c04c43ff7e686cf8ca825beeddfcdb144f6fdc3ecea87956c6","Analogue Speed digit","Native alpha texture; XAML normal/faded opacity tint"
"Analogue/HUD_Dial_Speed_Analogue_1.png","ForzaUI/Textures/Data_Bound/Speedo_Analogue/HUD_Dial_Speed_Analogue_1.png","standalone HiRes texture","120","186","455267bf82689ec972ce6744a37e00ddbda5afb7199a2c57010228471b6d0230","Analogue Speed digit","Native alpha texture; XAML normal/faded opacity tint"
"Analogue/HUD_Dial_Speed_Analogue_2.png","ForzaUI/Textures/Data_Bound/Speedo_Analogue/HUD_Dial_Speed_Analogue_2.png","standalone HiRes texture","120","186","45993bcba7faf62bfd676c2e8d3c2b54bf8abd7b51d7833c310c62b7c947d352","Analogue Speed digit","Native alpha texture; XAML normal/faded opacity tint"
"Analogue/HUD_Dial_Speed_Analogue_3.png","ForzaUI/Textures/Data_Bound/Speedo_Analogue/HUD_Dial_Speed_Analogue_3.png","standalone HiRes texture","120","186","7403e6bebcbf4ee3dd9c3b2f6e6c46b2c69ae3dddd17d13ee29817133c5e0275","Analogue Speed digit","Native alpha texture; XAML normal/faded opacity tint"
"Analogue/HUD_Dial_Speed_Analogue_4.png","ForzaUI/Textures/Data_Bound/Speedo_Analogue/HUD_Dial_Speed_Analogue_4.png","standalone HiRes texture","120","186","61ba2b4700317eb18a97b4a7d5b9f417d08d837f5aeedb5985e178140663bd61","Analogue Speed digit","Native alpha texture; XAML normal/faded opacity tint"
"Analogue/HUD_Dial_Speed_Analogue_5.png","ForzaUI/Textures/Data_Bound/Speedo_Analogue/HUD_Dial_Speed_Analogue_5.png","standalone HiRes texture","122","186","d97d1110c319f9ebb9fe6d3e6c3af8c87719be8d029ed1fc47578307e77f56e0","Analogue Speed digit","Native alpha texture; XAML normal/faded opacity tint"
"Analogue/HUD_Dial_Speed_Analogue_6.png","ForzaUI/Textures/Data_Bound/Speedo_Analogue/HUD_Dial_Speed_Analogue_6.png","standalone HiRes texture","120","186","98a719f7ff87740ef6428984987031ca6ed89a2ca663ee06bc843daade77141c","Analogue Speed digit","Native alpha texture; XAML normal/faded opacity tint"
"Analogue/HUD_Dial_Speed_Analogue_7.png","ForzaUI/Textures/Data_Bound/Speedo_Analogue/HUD_Dial_Speed_Analogue_7.png","standalone HiRes texture","120","186","32d23b9101fbfc935709330c21370a98d1ac2dbebd646f49db2644fb1b19b0be","Analogue Speed digit","Native alpha texture; XAML normal/faded opacity tint"
"Analogue/HUD_Dial_Speed_Analogue_8.png","ForzaUI/Textures/Data_Bound/Speedo_Analogue/HUD_Dial_Speed_Analogue_8.png","standalone HiRes texture","120","186","cd154849a75e7e056b022eba0b295e40b681066034e160965bed81274d48162d","Analogue Speed digit","Native alpha texture; XAML normal/faded opacity tint"
"Analogue/HUD_Dial_Speed_Analogue_9.png","ForzaUI/Textures/Data_Bound/Speedo_Analogue/HUD_Dial_Speed_Analogue_9.png","standalone HiRes texture","120","186","c95da9b17eec3a62d9be9836a0c6998e17747522fbccf3e1f3e6475560ac7ba2","Analogue Speed digit","Native alpha texture; XAML normal/faded opacity tint"
"Analogue/HUD_Dial_Unit_KPH.png","ForzaUI/Textures/Data_Bound/Speedo_Analogue/HUD_Dial_Unit_KPH.png","standalone HiRes texture","124","46","1a1416483b25a6fc11ba1a490263d0b5e1778ca3c63cbe3648fc3291a7eaa936","Analogue Unit label","Native alpha texture; XAML opacity tint"
"Analogue/HUD_Dial_Unit_MPH.png","ForzaUI/Textures/Data_Bound/Speedo_Analogue/HUD_Dial_Unit_MPH.png","standalone HiRes texture","104","46","8db2d413b72bc17e15a2e2aaa879c85a0f99d224e5a881de44aadfc5f91767cd","Analogue Unit label","Native alpha texture; XAML opacity tint"
"Electric/GearGauge0.png","ForzaUI/Textures/Data_Bound/Speedo_Electric/GearGauge0.png","standalone HiRes texture","690","640","33f55d4121807122c4fcb3c69bfb33de6333761687505949b856ae7a25f8aa00","Electric analogue gear-gauge state layer","Native premultiplied-alpha texture; decoded once and composed at 50% HiRes dimensions"
"Electric/GearGauge1.png","ForzaUI/Textures/Data_Bound/Speedo_Electric/GearGauge1.png","standalone HiRes texture","690","640","83bfab1da17cc4882712d2151560950cabe5bba97c832aea927c8d85a5488fae","Electric analogue gear-gauge state layer","Native premultiplied-alpha texture; decoded once and composed at 50% HiRes dimensions"
"Electric/GearGauge2.png","ForzaUI/Textures/Data_Bound/Speedo_Electric/GearGauge2.png","standalone HiRes texture","690","640","a975d1f1eddb6a576a597587cfa20ec968c64d25115077518e7535ddee50f244","Electric analogue gear-gauge state layer","Native premultiplied-alpha texture; decoded once and composed at 50% HiRes dimensions"
"Electric/GearGauge3.png","ForzaUI/Textures/Data_Bound/Speedo_Electric/GearGauge3.png","standalone HiRes texture","690","640","afe44de37996896c544cf3538f2b233215f68e46e235cbfe5af605fb5d94fb59","Electric analogue gear-gauge state layer","Native premultiplied-alpha texture; decoded once and composed at 50% HiRes dimensions"
"Electric/GearGauge4.png","ForzaUI/Textures/Data_Bound/Speedo_Electric/GearGauge4.png","standalone HiRes texture","690","640","d4b0829505ce03d02c8c628ed6fb0328cb728b66ab4ad21ed0b16bf3dac1381c","Electric analogue gear-gauge state layer","Native premultiplied-alpha texture; decoded once and composed at 50% HiRes dimensions"
"Electric/HUD_EV_Dial_Speed0.png","ForzaUI/Textures/Data_Bound/Speedo_Electric/HUD_EV_Dial_Speed0.png","standalone HiRes texture","40","28","c14a8f8c44ce5075b8a5198e30a013637db6a4f6e8b0eb01be2ba7be605e2988","Electric analogue dial-number texture","Native premultiplied-alpha texture; decoded once and composed at 50% HiRes dimensions"
"Electric/HUD_EV_Dial_Speed10.png","ForzaUI/Textures/Data_Bound/Speedo_Electric/HUD_EV_Dial_Speed10.png","standalone HiRes texture","40","28","22b13cdb0188446ec79de8ff40120b2e15c396ffadccd42ecb389ce1a6e2d189","Electric analogue dial-number texture","Native premultiplied-alpha texture; decoded once and composed at 50% HiRes dimensions"
"Electric/HUD_EV_Dial_Speed100.png","ForzaUI/Textures/Data_Bound/Speedo_Electric/HUD_EV_Dial_Speed100.png","standalone HiRes texture","40","28","5ffe253659cc4cc468a6ef5291539a9216d6dcd704bc42d25038b0af70be3fb5","Electric analogue dial-number texture","Native premultiplied-alpha texture; decoded once and composed at 50% HiRes dimensions"
"Electric/HUD_EV_Dial_Speed120.png","ForzaUI/Textures/Data_Bound/Speedo_Electric/HUD_EV_Dial_Speed120.png","standalone HiRes texture","40","28","d431feba4e940aa899547279f5722bb1e6d408b3e28cc2bbb9d110b3c4a7dd16","Electric analogue dial-number texture","Native premultiplied-alpha texture; decoded once and composed at 50% HiRes dimensions"
"Electric/HUD_EV_Dial_Speed140.png","ForzaUI/Textures/Data_Bound/Speedo_Electric/HUD_EV_Dial_Speed140.png","standalone HiRes texture","40","28","722e3469bfe8bcb665b8e08f9313cee5d97fa4311c47fb30c13ed8df224cbba6","Electric analogue dial-number texture","Native premultiplied-alpha texture; decoded once and composed at 50% HiRes dimensions"
"Electric/HUD_EV_Dial_Speed150.png","ForzaUI/Textures/Data_Bound/Speedo_Electric/HUD_EV_Dial_Speed150.png","standalone HiRes texture","40","28","da6183740ada7f8a779eeb4d1644dd20d2b33ff7b1fd89914b19b5e0881f0c6d","Electric analogue dial-number texture","Native premultiplied-alpha texture; decoded once and composed at 50% HiRes dimensions"
"Electric/HUD_EV_Dial_Speed160.png","ForzaUI/Textures/Data_Bound/Speedo_Electric/HUD_EV_Dial_Speed160.png","standalone HiRes texture","40","28","615cbe3bc61d9358ab0e681b369e6c7266310dfa446a9ecf5204d13c8ab35a63","Electric analogue dial-number texture","Native premultiplied-alpha texture; decoded once and composed at 50% HiRes dimensions"
"Electric/HUD_EV_Dial_Speed180.png","ForzaUI/Textures/Data_Bound/Speedo_Electric/HUD_EV_Dial_Speed180.png","standalone HiRes texture","40","28","ea6c3d37db98fb51fbb5af0f15e674cde2d52acade4e5a97f0f39d93d600b5ba","Electric analogue dial-number texture","Native premultiplied-alpha texture; decoded once and composed at 50% HiRes dimensions"
"Electric/HUD_EV_Dial_Speed20.png","ForzaUI/Textures/Data_Bound/Speedo_Electric/HUD_EV_Dial_Speed20.png","standalone HiRes texture","40","28","f603ac46525266862840b1e8157abc4d8b40816e56320cffc13c3c6a336f973c","Electric analogue dial-number texture","Native premultiplied-alpha texture; decoded once and composed at 50% HiRes dimensions"
"Electric/HUD_EV_Dial_Speed200.png","ForzaUI/Textures/Data_Bound/Speedo_Electric/HUD_EV_Dial_Speed200.png","standalone HiRes texture","40","28","2fbfa8b1ddd4c64a76ef926d354631dbe123e5481a7c603b871a7300d84c8e72","Electric analogue dial-number texture","Native premultiplied-alpha texture; decoded once and composed at 50% HiRes dimensions"
"Electric/HUD_EV_Dial_Speed210.png","ForzaUI/Textures/Data_Bound/Speedo_Electric/HUD_EV_Dial_Speed210.png","standalone HiRes texture","40","28","a51995facad690a48524f15e4b78ddb1c44e52f010ad1ffb9af80922fa00686b","Electric analogue dial-number texture","Native premultiplied-alpha texture; decoded once and composed at 50% HiRes dimensions"
"Electric/HUD_EV_Dial_Speed240.png","ForzaUI/Textures/Data_Bound/Speedo_Electric/HUD_EV_Dial_Speed240.png","standalone HiRes texture","40","28","db271fe4ce7b0320aaa2f45e94d0041e334ad05a76b26b2c5ffd5e48898b183b","Electric analogue dial-number texture","Native premultiplied-alpha texture; decoded once and composed at 50% HiRes dimensions"
"Electric/HUD_EV_Dial_Speed250.png","ForzaUI/Textures/Data_Bound/Speedo_Electric/HUD_EV_Dial_Speed250.png","standalone HiRes texture","40","28","3109a9bfffaa2d6215123530c88ff8f186c3a84997d349bf4c7596c3346dc1d0","Electric analogue dial-number texture","Native premultiplied-alpha texture; decoded once and composed at 50% HiRes dimensions"
"Electric/HUD_EV_Dial_Speed280.png","ForzaUI/Textures/Data_Bound/Speedo_Electric/HUD_EV_Dial_Speed280.png","standalone HiRes texture","40","28","34d13abd2057e18dd4807d12525b10566d4736691fc0111eab7cd484ad23bde1","Electric analogue dial-number texture","Native premultiplied-alpha texture; decoded once and composed at 50% HiRes dimensions"
"Electric/HUD_EV_Dial_Speed30.png","ForzaUI/Textures/Data_Bound/Speedo_Electric/HUD_EV_Dial_Speed30.png","standalone HiRes texture","40","28","97fd3ce9cd1b3bdac943394973278707b4a23ce94cbdd294d8d8787e227e902a","Electric analogue dial-number texture","Native premultiplied-alpha texture; decoded once and composed at 50% HiRes dimensions"
"Electric/HUD_EV_Dial_Speed300.png","ForzaUI/Textures/Data_Bound/Speedo_Electric/HUD_EV_Dial_Speed300.png","standalone HiRes texture","40","28","a38091e179808ca7772bc1857a8cf0a7fe938288a58fc38928b4aac8d899230b","Electric analogue dial-number texture","Native premultiplied-alpha texture; decoded once and composed at 50% HiRes dimensions"
"Electric/HUD_EV_Dial_Speed320.png","ForzaUI/Textures/Data_Bound/Speedo_Electric/HUD_EV_Dial_Speed320.png","standalone HiRes texture","40","28","cfd310c86b62954dbc98a962de82fc44ad1436635b0c7cb9d6e697a2f75181ff","Electric analogue dial-number texture","Native premultiplied-alpha texture; decoded once and composed at 50% HiRes dimensions"
"Electric/HUD_EV_Dial_Speed350.png","ForzaUI/Textures/Data_Bound/Speedo_Electric/HUD_EV_Dial_Speed350.png","standalone HiRes texture","40","28","831d053a7757aeff022cf573458081a12ac57017e7acba6d0febc82ae0585a8a","Electric analogue dial-number texture","Native premultiplied-alpha texture; decoded once and composed at 50% HiRes dimensions"
"Electric/HUD_EV_Dial_Speed360.png","ForzaUI/Textures/Data_Bound/Speedo_Electric/HUD_EV_Dial_Speed360.png","standalone HiRes texture","40","28","f27f1c0df10c19cd4cc9318876b61cc67504f5830c1f82673adf29b3d7e18d27","Electric analogue dial-number texture","Native premultiplied-alpha texture; decoded once and composed at 50% HiRes dimensions"
"Electric/HUD_EV_Dial_Speed40.png","ForzaUI/Textures/Data_Bound/Speedo_Electric/HUD_EV_Dial_Speed40.png","standalone HiRes texture","40","28","e382df33a52e4e8f917ae902a1332f5af7178a75c91e36722fd11a6250ad95a5","Electric analogue dial-number texture","Native premultiplied-alpha texture; decoded once and composed at 50% HiRes dimensions"
"Electric/HUD_EV_Dial_Speed400.png","ForzaUI/Textures/Data_Bound/Speedo_Electric/HUD_EV_Dial_Speed400.png","standalone HiRes texture","40","28","acfe78fe7e2a43daf952ac71e4c9ab55c5cb7ee47923f895ac7f309bc2515e73","Electric analogue dial-number texture","Native premultiplied-alpha texture; decoded once and composed at 50% HiRes dimensions"
"Electric/HUD_EV_Dial_Speed420.png","ForzaUI/Textures/Data_Bound/Speedo_Electric/HUD_EV_Dial_Speed420.png","standalone HiRes texture","40","28","bb8bb22621cd0d89f1e652518589a79dbd991f5c62bfdaf7a24b162193f1c50b","Electric analogue dial-number texture","Native premultiplied-alpha texture; decoded once and composed at 50% HiRes dimensions"
"Electric/HUD_EV_Dial_Speed480.png","ForzaUI/Textures/Data_Bound/Speedo_Electric/HUD_EV_Dial_Speed480.png","standalone HiRes texture","40","28","193add20cdd9759425b262745a6baeef28de8ca10a514e7985c5904c53de693f","Electric analogue dial-number texture","Native premultiplied-alpha texture; decoded once and composed at 50% HiRes dimensions"
"Electric/HUD_EV_Dial_Speed490.png","ForzaUI/Textures/Data_Bound/Speedo_Electric/HUD_EV_Dial_Speed490.png","standalone HiRes texture","40","28","4edd93b26c4ee448a97760566dfd6079d13842063c5324e457d1861be3a2fac0","Electric analogue dial-number texture","Native premultiplied-alpha texture; decoded once and composed at 50% HiRes dimensions"
"Electric/HUD_EV_Dial_Speed50.png","ForzaUI/Textures/Data_Bound/Speedo_Electric/HUD_EV_Dial_Speed50.png","standalone HiRes texture","40","28","801587b8e4d294c0c02e3992b05ed523ca88f3a4040ea977555cecd204b59ad0","Electric analogue dial-number texture","Native premultiplied-alpha texture; decoded once and composed at 50% HiRes dimensions"
"Electric/HUD_EV_Dial_Speed560.png","ForzaUI/Textures/Data_Bound/Speedo_Electric/HUD_EV_Dial_Speed560.png","standalone HiRes texture","40","28","e72e3b3598cee1284a745d32e5b218b8af7ba2a46045fb59da1aa00e10ed6eea","Electric analogue dial-number texture","Native premultiplied-alpha texture; decoded once and composed at 50% HiRes dimensions"
"Electric/HUD_EV_Dial_Speed60.png","ForzaUI/Textures/Data_Bound/Speedo_Electric/HUD_EV_Dial_Speed60.png","standalone HiRes texture","40","28","437d5703934f58d68a2232a52e59a2c8f8a500ea0ed87090a87d512e46cb786c","Electric analogue dial-number texture","Native premultiplied-alpha texture; decoded once and composed at 50% HiRes dimensions"
"Electric/HUD_EV_Dial_Speed70.png","ForzaUI/Textures/Data_Bound/Speedo_Electric/HUD_EV_Dial_Speed70.png","standalone HiRes texture","40","28","85400d8b57c82852f1f021d23e67b0b459f5f017380a969d0f03e78dbe26e36e","Electric analogue dial-number texture","Native premultiplied-alpha texture; decoded once and composed at 50% HiRes dimensions"
"Electric/HUD_EV_Dial_Speed80.png","ForzaUI/Textures/Data_Bound/Speedo_Electric/HUD_EV_Dial_Speed80.png","standalone HiRes texture","40","28","1267dd6c0cb63893a051179c53e777adf79b3574e76bb478e57d8c11b61331f6","Electric analogue dial-number texture","Native premultiplied-alpha texture; decoded once and composed at 50% HiRes dimensions"
"Electric/HUD_EV_Dial_Speed90.png","ForzaUI/Textures/Data_Bound/Speedo_Electric/HUD_EV_Dial_Speed90.png","standalone HiRes texture","40","28","c3aae45260d4ebb1125fcc27f1207d4defbc44565be277fda15ec9db79a21ac3","Electric analogue dial-number texture","Native premultiplied-alpha texture; decoded once and composed at 50% HiRes dimensions"
"Electric/HUD_EV_Digital_Bar_0bar.png","ForzaUI/Textures/Data_Bound/Speedo_Electric/HUD_EV_Digital_Bar_0bar.png","standalone HiRes texture","68","196","00336bde8f4d3af64a55dc122111107cbc9e834e9c6f61d5b10f10a2fa4ef785","Electric digital gear-gauge state layer","Native premultiplied-alpha texture; decoded once and composed at 50% HiRes dimensions"
"Electric/HUD_EV_Digital_Bar_1bar.png","ForzaUI/Textures/Data_Bound/Speedo_Electric/HUD_EV_Digital_Bar_1bar.png","standalone HiRes texture","68","196","0154a30319e074659bf33cb4c8b00a93b3d0439e642910036eb00dc8bfd3fff6","Electric digital gear-gauge state layer","Native premultiplied-alpha texture; decoded once and composed at 50% HiRes dimensions"
"Electric/HUD_EV_Digital_Bar_2bar.png","ForzaUI/Textures/Data_Bound/Speedo_Electric/HUD_EV_Digital_Bar_2bar.png","standalone HiRes texture","68","196","63ebdb103e0d42445b02635e31f67b10352046d16075b7ba905d6a2a31396355","Electric digital gear-gauge state layer","Native premultiplied-alpha texture; decoded once and composed at 50% HiRes dimensions"
"Electric/HUD_EV_Digital_Bar_3bar.png","ForzaUI/Textures/Data_Bound/Speedo_Electric/HUD_EV_Digital_Bar_3bar.png","standalone HiRes texture","68","196","b68ed9e2d7e900c11e7fa4990f8f907e01a44c02e21effb456c98905893fe25f","Electric digital gear-gauge state layer","Native premultiplied-alpha texture; decoded once and composed at 50% HiRes dimensions"
"Electric/HUD_EV_Digital_Bar_max.png","ForzaUI/Textures/Data_Bound/Speedo_Electric/HUD_EV_Digital_Bar_max.png","standalone HiRes texture","68","196","a6d11273392913e214db7ba05cd094c00d99e4b364929cc0721308e9174d32d8","Electric digital gear-gauge state layer","Native premultiplied-alpha texture; decoded once and composed at 50% HiRes dimensions"
"Electric/HUD_EV_Gear_1_Red_Glow.png","ForzaUI/Textures/Data_Bound/Speedo_Electric/HUD_EV_Gear_1_Red_Glow.png","standalone HiRes texture","50","60","3a1e96e56ef18ac2f01d294bff892320bd97a5f60ba2c0fe209c674ca4d18aa0","Electric gear and shift-state texture","Native premultiplied-alpha texture; decoded once and composed at 50% HiRes dimensions"
"Electric/HUD_EV_Gear_1_Red.png","ForzaUI/Textures/Data_Bound/Speedo_Electric/HUD_EV_Gear_1_Red.png","standalone HiRes texture","50","60","3a1e96e56ef18ac2f01d294bff892320bd97a5f60ba2c0fe209c674ca4d18aa0","Electric gear and shift-state texture","Native premultiplied-alpha texture; decoded once and composed at 50% HiRes dimensions"
"Electric/HUD_EV_Gear_1.png","ForzaUI/Textures/Data_Bound/Speedo_Electric/HUD_EV_Gear_1.png","standalone HiRes texture","50","60","e158ab58ff1ab8e50f78e0f00ca0e5a6ce7dfdda2b07f43e72cdd7e29574fc8d","Electric gear and shift-state texture","Native premultiplied-alpha texture; decoded once and composed at 50% HiRes dimensions"
"Electric/HUD_EV_Gear_2_Red_Glow.png","ForzaUI/Textures/Data_Bound/Speedo_Electric/HUD_EV_Gear_2_Red_Glow.png","standalone HiRes texture","50","60","165618b679e4839f69783e5da9bdbc73fd5f03f4ceb1d01fc0da8d3598fe2d91","Electric gear and shift-state texture","Native premultiplied-alpha texture; decoded once and composed at 50% HiRes dimensions"
"Electric/HUD_EV_Gear_2_Red.png","ForzaUI/Textures/Data_Bound/Speedo_Electric/HUD_EV_Gear_2_Red.png","standalone HiRes texture","50","60","2a60682a61e1a83660c5c05de0b549774318afaf360555d134583c3a009fb381","Electric gear and shift-state texture","Native premultiplied-alpha texture; decoded once and composed at 50% HiRes dimensions"
"Electric/HUD_EV_Gear_2.png","ForzaUI/Textures/Data_Bound/Speedo_Electric/HUD_EV_Gear_2.png","standalone HiRes texture","50","60","7aa3c9fe0ce026927c30fb7abb49b1083eacf49dd3452885009ab45704ef09ae","Electric gear and shift-state texture","Native premultiplied-alpha texture; decoded once and composed at 50% HiRes dimensions"
"Electric/HUD_EV_Gear_3_Red_Glow.png","ForzaUI/Textures/Data_Bound/Speedo_Electric/HUD_EV_Gear_3_Red_Glow.png","standalone HiRes texture","50","60","f6bc327dd69b964f851c2c3ca7e9750a5572edaa443b78b6f29622fe4164761c","Electric gear and shift-state texture","Native premultiplied-alpha texture; decoded once and composed at 50% HiRes dimensions"
"Electric/HUD_EV_Gear_3_Red.png","ForzaUI/Textures/Data_Bound/Speedo_Electric/HUD_EV_Gear_3_Red.png","standalone HiRes texture","50","60","be16961cb770c0730dfe2fd7a730feb3af5f6dd52e282736a32f322fe429b92e","Electric gear and shift-state texture","Native premultiplied-alpha texture; decoded once and composed at 50% HiRes dimensions"
"Electric/HUD_EV_Gear_3.png","ForzaUI/Textures/Data_Bound/Speedo_Electric/HUD_EV_Gear_3.png","standalone HiRes texture","50","60","04e258604cfd0c816482b66beecc0fb7c08f9b3f9fcbb8d4677da4f5be2508ad","Electric gear and shift-state texture","Native premultiplied-alpha texture; decoded once and composed at 50% HiRes dimensions"
"Electric/HUD_EV_Gear_4_Red_Glow.png","ForzaUI/Textures/Data_Bound/Speedo_Electric/HUD_EV_Gear_4_Red_Glow.png","standalone HiRes texture","50","60","245dbdcc4b457d1b2daba5579044b3b8fcf04ba207701f99de85d1072fa1a36c","Electric gear and shift-state texture","Native premultiplied-alpha texture; decoded once and composed at 50% HiRes dimensions"
"Electric/HUD_EV_Gear_4_Red.png","ForzaUI/Textures/Data_Bound/Speedo_Electric/HUD_EV_Gear_4_Red.png","standalone HiRes texture","50","60","d75925c4d53ef489d39291ab051c3d764a8831e3cc9a985d680a8395e54e65f2","Electric gear and shift-state texture","Native premultiplied-alpha texture; decoded once and composed at 50% HiRes dimensions"
"Electric/HUD_EV_Gear_4.png","ForzaUI/Textures/Data_Bound/Speedo_Electric/HUD_EV_Gear_4.png","standalone HiRes texture","50","60","7ba3c39bba9b98601f4d18d23ba56b2d0f1d601384ec76525b3e3c49e27fe901","Electric gear and shift-state texture","Native premultiplied-alpha texture; decoded once and composed at 50% HiRes dimensions"
"Electric/HUD_EV_Gear_Arc_Red_Glow.png","ForzaUI/Textures/Data_Bound/Speedo_Electric/HUD_EV_Gear_Arc_Red_Glow.png","standalone HiRes texture","116","44","0ba3efb5c99f4e993e333b2ef7e1a4ed4e5a8802e53e19000c5dc9d6bd98a143","Electric gear and shift-state texture","Native premultiplied-alpha texture; decoded once and composed at 50% HiRes dimensions"
"Electric/HUD_EV_Gear_Arc_Red.png","ForzaUI/Textures/Data_Bound/Speedo_Electric/HUD_EV_Gear_Arc_Red.png","standalone HiRes texture","116","44","553dc3931d49beffc98a6752315df7de7027805a65d407206e57be96b78976de","Electric gear and shift-state texture","Native premultiplied-alpha texture; decoded once and composed at 50% HiRes dimensions"
"Electric/HUD_EV_Gear_Arc.png","ForzaUI/Textures/Data_Bound/Speedo_Electric/HUD_EV_Gear_Arc.png","standalone HiRes texture","116","44","e8bd210a367850d3255db97b5adfb53488b94108ce31e088a9be752a62762b0e","Electric gear and shift-state texture","Native premultiplied-alpha texture; decoded once and composed at 50% HiRes dimensions"
"Electric/HUD_EV_Gear_Drive_Red_Glow.png","ForzaUI/Textures/Data_Bound/Speedo_Electric/HUD_EV_Gear_Drive_Red_Glow.png","standalone HiRes texture","50","60","eb324cef45b726b5b832c205e867e3fe5afb4da5236c071c4a80b8f3dbf27739","Electric gear and shift-state texture","Native premultiplied-alpha texture; decoded once and composed at 50% HiRes dimensions"
"Electric/HUD_EV_Gear_Drive_Red.png","ForzaUI/Textures/Data_Bound/Speedo_Electric/HUD_EV_Gear_Drive_Red.png","standalone HiRes texture","50","60","2497e6a439c4f2e5ac584083c9e882257735a26826e206b0c8aa297e0365087a","Electric gear and shift-state texture","Native premultiplied-alpha texture; decoded once and composed at 50% HiRes dimensions"
"Electric/HUD_EV_Gear_Drive.png","ForzaUI/Textures/Data_Bound/Speedo_Electric/HUD_EV_Gear_Drive.png","standalone HiRes texture","50","60","a84bd2c00a3f0b98db3a697aa4a0b54eaf7cb08f435797075b039f42f3add482","Electric gear and shift-state texture","Native premultiplied-alpha texture; decoded once and composed at 50% HiRes dimensions"
"Electric/HUD_EV_Gear_Reverse.png","ForzaUI/Textures/Data_Bound/Speedo_Electric/HUD_EV_Gear_Reverse.png","standalone HiRes texture","50","60","a265e292f1cc0c8a121d7e0c8a3ac16f4e9f7b640a576872d31736b6f62ddfe4","Electric gear and shift-state texture","Native premultiplied-alpha texture; decoded once and composed at 50% HiRes dimensions"
"Electric/HUD_EV_Gear_Small_1.png","ForzaUI/Textures/Data_Bound/Speedo_Electric/HUD_EV_Gear_Small_1.png","standalone HiRes texture","32","48","48631e3a1949194702eec868998dc5a8d2dd04ccd4b0e8a19e14d3a82891a452","Electric gear and shift-state texture","Native premultiplied-alpha texture; decoded once and composed at 50% HiRes dimensions"
"Electric/HUD_EV_Gear_Small_2.png","ForzaUI/Textures/Data_Bound/Speedo_Electric/HUD_EV_Gear_Small_2.png","standalone HiRes texture","32","48","541f496a4fb4007f758098375e25bd3561971ef1c91e7e4184937e985eebf559","Electric gear and shift-state texture","Native premultiplied-alpha texture; decoded once and composed at 50% HiRes dimensions"
"Electric/HUD_EV_Gear_Small_3.png","ForzaUI/Textures/Data_Bound/Speedo_Electric/HUD_EV_Gear_Small_3.png","standalone HiRes texture","32","48","6aaeaef7799e76db4cfc62d3d138e02eba92f2ca1bedd3a143ae51492f40e313","Electric gear and shift-state texture","Native premultiplied-alpha texture; decoded once and composed at 50% HiRes dimensions"
"Electric/HUD_EV_Gear_Small_4.png","ForzaUI/Textures/Data_Bound/Speedo_Electric/HUD_EV_Gear_Small_4.png","standalone HiRes texture","32","48","a0480d557f5957b00e96bb946e853d666a3db5b85b9d805d8b89b11b13384e33","Electric gear and shift-state texture","Native premultiplied-alpha texture; decoded once and composed at 50% HiRes dimensions"
"Electric/HUD_EV_Gear_Small_Drive.png","ForzaUI/Textures/Data_Bound/Speedo_Electric/HUD_EV_Gear_Small_Drive.png","standalone HiRes texture","32","48","c66ca4663839e083304589207f8d9bb22e68820f97e3bf37ff5d79cd8c28c618","Electric gear and shift-state texture","Native premultiplied-alpha texture; decoded once and composed at 50% HiRes dimensions"
"Electric/HUD_EV_Gear_Small_Reverse.png","ForzaUI/Textures/Data_Bound/Speedo_Electric/HUD_EV_Gear_Small_Reverse.png","standalone HiRes texture","32","48","741263f9bb6da76c951d635fe7bff4dd51b1a2ea7132720e4ee12b1f8f2f1f0e","Electric gear and shift-state texture","Native premultiplied-alpha texture; decoded once and composed at 50% HiRes dimensions"
"Electric/HUD_EV_PWR.png","ForzaUI/Textures/Data_Bound/Speedo_Electric/HUD_EV_PWR.png","standalone HiRes texture","67","42","a843237bcd7052b5a213ab80d9843975174c1f8cde927b7e3e53a0762aec3b89","Electric regeneration/power label","Native premultiplied-alpha texture; decoded once and composed at 50% HiRes dimensions"
"Electric/HUD_EV_RGN.png","ForzaUI/Textures/Data_Bound/Speedo_Electric/HUD_EV_RGN.png","standalone HiRes texture","67","42","1fa50c2f90bc88081bbeea95e38ca18832ff00cfc6992aeafb0088c8afe65030","Electric regeneration/power label","Native premultiplied-alpha texture; decoded once and composed at 50% HiRes dimensions"
"Electric/HUD_EV_Speed0.png","ForzaUI/Textures/Data_Bound/Speedo_Electric/HUD_EV_Speed0.png","standalone HiRes texture","120","186","52f8f2032f56652c4d812d205d1e533f4738948c24468c5bd2cdeb5e7d8697d6","Electric analogue speed digit","Native premultiplied-alpha texture; decoded once and composed at 50% HiRes dimensions"
"Electric/HUD_EV_Speed1.png","ForzaUI/Textures/Data_Bound/Speedo_Electric/HUD_EV_Speed1.png","standalone HiRes texture","120","186","a661f7f896c649b4d7970c855b09d53ed8bd79893c4338bfdff0f68e47f667a2","Electric analogue speed digit","Native premultiplied-alpha texture; decoded once and composed at 50% HiRes dimensions"
"Electric/HUD_EV_Speed2.png","ForzaUI/Textures/Data_Bound/Speedo_Electric/HUD_EV_Speed2.png","standalone HiRes texture","120","186","6f1c782b4b9bb5bba874e1dd2da0b8839b8dadc94e2b0758498cc4f86368db04","Electric analogue speed digit","Native premultiplied-alpha texture; decoded once and composed at 50% HiRes dimensions"
"Electric/HUD_EV_Speed3.png","ForzaUI/Textures/Data_Bound/Speedo_Electric/HUD_EV_Speed3.png","standalone HiRes texture","120","186","f4bb2f2c4df4c516b32625fc4ab47b7b74a191f975687a5713b307d181c18c43","Electric analogue speed digit","Native premultiplied-alpha texture; decoded once and composed at 50% HiRes dimensions"
"Electric/HUD_EV_Speed4.png","ForzaUI/Textures/Data_Bound/Speedo_Electric/HUD_EV_Speed4.png","standalone HiRes texture","120","186","5b14489b266719c23d5a4854860de6920196b869965d357cfd52ad25a6a9f4de","Electric analogue speed digit","Native premultiplied-alpha texture; decoded once and composed at 50% HiRes dimensions"
"Electric/HUD_EV_Speed5.png","ForzaUI/Textures/Data_Bound/Speedo_Electric/HUD_EV_Speed5.png","standalone HiRes texture","122","186","27309014179da5e65e50ad7a1206adaa975fdb3bc190208a0a630e91ff29110f","Electric analogue speed digit","Native premultiplied-alpha texture; decoded once and composed at 50% HiRes dimensions"
"Electric/HUD_EV_Speed6.png","ForzaUI/Textures/Data_Bound/Speedo_Electric/HUD_EV_Speed6.png","standalone HiRes texture","120","186","4be4157ef4221f7ec74d3bef0e9ed0451e031dd8d37254d370035fc1815b165c","Electric analogue speed digit","Native premultiplied-alpha texture; decoded once and composed at 50% HiRes dimensions"
"Electric/HUD_EV_Speed7.png","ForzaUI/Textures/Data_Bound/Speedo_Electric/HUD_EV_Speed7.png","standalone HiRes texture","120","186","7ca80eead645d28543d45a6773a116d4b1c91ee6ee3d3358b747d49ed39c9a4c","Electric analogue speed digit","Native premultiplied-alpha texture; decoded once and composed at 50% HiRes dimensions"
"Electric/HUD_EV_Speed8.png","ForzaUI/Textures/Data_Bound/Speedo_Electric/HUD_EV_Speed8.png","standalone HiRes texture","120","186","fb0dfeca0763c5e69b1d80414d8d80fb19e05953a3b3fc2e1d8e575e3db4b25d","Electric analogue speed digit","Native premultiplied-alpha texture; decoded once and composed at 50% HiRes dimensions"
"Electric/HUD_EV_Speed9.png","ForzaUI/Textures/Data_Bound/Speedo_Electric/HUD_EV_Speed9.png","standalone HiRes texture","120","186","05ad71c3e00c32e2214b6ed2d287f2319e3b5719aa19c4466b9c7bc81d7218bf","Electric analogue speed digit","Native premultiplied-alpha texture; decoded once and composed at 50% HiRes dimensions"
"Electric/SpeedDial.png","ForzaUI/Textures/Data_Bound/Speedo_Electric/SpeedDial.png","standalone HiRes texture","690","640","6ddf491c866fb058c23149031ae6348df30500ba56ef2e206df66ca93eedff6f","Electric analogue dial and authored interior shading","Native premultiplied-alpha texture; decoded once and composed at 50% HiRes dimensions"
